[
  {
    "id": 1,
    "nome": "Elladine Bollard",
    "endereco": "shiramizu",
    "bairro": "Scoville",
    "cidade": "San Salvador",
    "telefone": "954 864 9739"
  },
  {
    "id": 2,
    "nome": "Irwin Delgardillo",
    "endereco": "3 Farmco Court",
    "bairro": "Sheridan",
    "cidade": "Piteå",
    "telefone": "288 338 7235"
  },
  {
    "id": 3,
    "nome": "Axe Reidshaw",
    "endereco": "2178 Fulton Lane",
    "bairro": "Lighthouse Bay",
    "cidade": "Brusque",
    "telefone": "197 641 4298"
  },
  {
    "id": 4,
    "nome": "Henriette Fettiplace",
    "endereco": "05166 Anderson Point",
    "bairro": "Prentice",
    "cidade": "Calumpang",
    "telefone": "318 193 3615"
  },
  {
    "id": 5,
    "nome": "Regen Paule",
    "endereco": "150 Namekagon Trail",
    "bairro": "Sachs",
    "cidade": "Jiuxian",
    "telefone": "735 111 3013"
  },
  {
    "id": 6,
    "nome": "Aidan Fannin",
    "endereco": "39 Schmedeman Point",
    "bairro": "Pleasure",
    "cidade": "Venustiano Carranza",
    "telefone": "109 755 6219"
  },
  {
    "id": 7,
    "nome": "Basilio Sedgemond",
    "endereco": "89302 Melby Junction",
    "bairro": "Village",
    "cidade": "Kuala Lumpur",
    "telefone": "254 674 7077"
  },
  {
    "id": 8,
    "nome": "Tann Belvard",
    "endereco": "4048 Wayridge Circle",
    "bairro": "Larry",
    "cidade": "Tsapêraī",
    "telefone": "820 508 7222"
  },
  {
    "id": 9,
    "nome": "Desirae Bugby",
    "endereco": "6828 Elmside Center",
    "bairro": "Hooker",
    "cidade": "Athabasca",
    "telefone": "342 968 5709"
  },
  {
    "id": 10,
    "nome": "Conn Mungin",
    "endereco": "5 Dunning Trail",
    "bairro": "Declaration",
    "cidade": "Oguta",
    "telefone": "687 817 5930"
  },
  {
    "id": 11,
    "nome": "Lia Gover",
    "endereco": "6754 Iowa Parkway",
    "bairro": "Pierstorff",
    "cidade": "Yelets",
    "telefone": "215 301 1065"
  },
  {
    "id": 12,
    "nome": "Saxe Neilands",
    "endereco": "5 Talisman Circle",
    "bairro": "Elmside",
    "cidade": "Biankouma",
    "telefone": "719 388 3115"
  },
  {
    "id": 13,
    "nome": "Delcina Comport",
    "endereco": "9 Dryden Center",
    "bairro": "Burrows",
    "cidade": "Aoufous",
    "telefone": "410 662 2591"
  },
  {
    "id": 14,
    "nome": "Willy Finan",
    "endereco": "80230 Paget Road",
    "bairro": "Saint Paul",
    "cidade": "Staraya Stanitsa",
    "telefone": "219 890 1732"
  },
  {
    "id": 15,
    "nome": "Randie Volkers",
    "endereco": "80 Oneill Circle",
    "bairro": "Bellgrove",
    "cidade": "Sangkalputung",
    "telefone": "360 546 2600"
  },
  {
    "id": 16,
    "nome": "Sam Duiguid",
    "endereco": "8948 Scofield Crossing",
    "bairro": "Grayhawk",
    "cidade": "Néa Ionía",
    "telefone": "106 274 9215"
  },
  {
    "id": 17,
    "nome": "Charis Anear",
    "endereco": "87 David Way",
    "bairro": "Muir",
    "cidade": "Rzhev",
    "telefone": "117 379 7591"
  },
  {
    "id": 18,
    "nome": "Krystyna Kedward",
    "endereco": "375 Killdeer Circle",
    "bairro": "Dryden",
    "cidade": "Shiban",
    "telefone": "820 298 7537"
  },
  {
    "id": 19,
    "nome": "Morganica Woolward",
    "endereco": "80717 Mayer Alley",
    "bairro": "Hagan",
    "cidade": "Bystra",
    "telefone": "935 513 7006"
  },
  {
    "id": 20,
    "nome": "Hester Smallpiece",
    "endereco": "67 Brown Avenue",
    "bairro": "Waxwing",
    "cidade": "Béziers",
    "telefone": "838 329 8208"
  },
  {
    "id": 21,
    "nome": "Tadd Pea",
    "endereco": "34217 Autumn Leaf Drive",
    "bairro": "Bashford",
    "cidade": "Tanguá",
    "telefone": "401 109 8401"
  },
  {
    "id": 22,
    "nome": "Madelaine Arger",
    "endereco": "28 Anniversary Street",
    "bairro": "Linden",
    "cidade": "Nymburk",
    "telefone": "885 469 9852"
  },
  {
    "id": 23,
    "nome": "Deena De Dantesie",
    "endereco": "15 Packers Circle",
    "bairro": "Iowa",
    "cidade": "Feyẕābād",
    "telefone": "350 276 7795"
  },
  {
    "id": 24,
    "nome": "Aland Mepham",
    "endereco": "06316 Elka Pass",
    "bairro": "Superior",
    "cidade": "Diriá",
    "telefone": "552 871 6741"
  },
  {
    "id": 25,
    "nome": "Gino Steffens",
    "endereco": "0 Luster Center",
    "bairro": "Summerview",
    "cidade": "Mozirje",
    "telefone": "254 698 0274"
  },
  {
    "id": 26,
    "nome": "Emmit Ackerley",
    "endereco": "3 Northland Crossing",
    "bairro": "Paget",
    "cidade": "Fengjiang",
    "telefone": "328 966 9284"
  },
  {
    "id": 27,
    "nome": "Mabelle Loveard",
    "endereco": "4 Leroy Crossing",
    "bairro": "Kropf",
    "cidade": "Washington",
    "telefone": "202 471 8186"
  },
  {
    "id": 28,
    "nome": "Anett Paddeley",
    "endereco": "63 Buell Hill",
    "bairro": "Dottie",
    "cidade": "Tulaghi",
    "telefone": "598 553 1572"
  },
  {
    "id": 29,
    "nome": "Selia Niche",
    "endereco": "1 Carberry Parkway",
    "bairro": "7th",
    "cidade": "Obiliq",
    "telefone": "884 483 2954"
  },
  {
    "id": 30,
    "nome": "Ansell Jost",
    "endereco": "3 Express Junction",
    "bairro": "Kings",
    "cidade": "Annecy",
    "telefone": "287 668 2825"
  },
  {
    "id": 31,
    "nome": "Christopher Habishaw",
    "endereco": "3 Hollow Ridge Terrace",
    "bairro": "Emmet",
    "cidade": "Carcassonne",
    "telefone": "533 820 5622"
  },
  {
    "id": 32,
    "nome": "Roddy Clowsley",
    "endereco": "7 Maple Wood Lane",
    "bairro": "Northridge",
    "cidade": "Magsaysay",
    "telefone": "714 438 1248"
  },
  {
    "id": 33,
    "nome": "Selie Bridgestock",
    "endereco": "88953 Delladonna Circle",
    "bairro": "Buena Vista",
    "cidade": "Paris 13",
    "telefone": "928 502 4470"
  },
  {
    "id": 34,
    "nome": "Lionel Pasley",
    "endereco": "1 Del Sol Lane",
    "bairro": "Golf",
    "cidade": "Podgorenskiy",
    "telefone": "652 662 3950"
  },
  {
    "id": 35,
    "nome": "Jillane Danford",
    "endereco": "93 Truax Way",
    "bairro": "Marquette",
    "cidade": "Heshan",
    "telefone": "373 969 7188"
  },
  {
    "id": 36,
    "nome": "Kaitlynn Pearton",
    "endereco": "92 Reinke Place",
    "bairro": "Summerview",
    "cidade": "Balagon",
    "telefone": "290 278 4126"
  },
  {
    "id": 37,
    "nome": "Bili Peinton",
    "endereco": "04 Westend Terrace",
    "bairro": "Brentwood",
    "cidade": "Deje",
    "telefone": "312 450 7741"
  },
  {
    "id": 38,
    "nome": "Erma Rosenthaler",
    "endereco": "2 Straubel Park",
    "bairro": "Waxwing",
    "cidade": "San Isidro",
    "telefone": "434 609 4693"
  },
  {
    "id": 39,
    "nome": "Davon Dooher",
    "endereco": "230 Springview Road",
    "bairro": "Gale",
    "cidade": "Farkhor",
    "telefone": "698 611 4355"
  },
  {
    "id": 40,
    "nome": "Cathi Southerell",
    "endereco": "5 Waywood Terrace",
    "bairro": "Crest Line",
    "cidade": "Banjar Sembunggede",
    "telefone": "906 709 8467"
  },
  {
    "id": 41,
    "nome": "Kimmi Smylie",
    "endereco": "97 Debs Road",
    "bairro": "Eastwood",
    "cidade": "Qarchī Gak",
    "telefone": "891 340 3259"
  },
  {
    "id": 42,
    "nome": "Yanaton Petrasek",
    "endereco": "94538 Linden Park",
    "bairro": "International",
    "cidade": "Yangzhen",
    "telefone": "533 959 5478"
  },
  {
    "id": 43,
    "nome": "Lindsay Franceschi",
    "endereco": "05860 Sauthoff Road",
    "bairro": "Fairview",
    "cidade": "Chãos",
    "telefone": "708 161 8988"
  },
  {
    "id": 44,
    "nome": "Karee Manhood",
    "endereco": "66324 Badeau Road",
    "bairro": "Dexter",
    "cidade": "Cournon-d'Auvergne",
    "telefone": "988 686 6807"
  },
  {
    "id": 45,
    "nome": "Fanchette Bukac",
    "endereco": "1 Myrtle Crossing",
    "bairro": "Myrtle",
    "cidade": "Muleng",
    "telefone": "204 725 8731"
  },
  {
    "id": 46,
    "nome": "Dulcy Davidson",
    "endereco": "374 Kingsford Pass",
    "bairro": "Schlimgen",
    "cidade": "Dingshan",
    "telefone": "355 252 4972"
  },
  {
    "id": 47,
    "nome": "Glori Caverhill",
    "endereco": "57 Clyde Gallagher Pass",
    "bairro": "Victoria",
    "cidade": "Tochigi",
    "telefone": "738 297 6914"
  },
  {
    "id": 48,
    "nome": "Sioux Coston",
    "endereco": "0 Redwing Terrace",
    "bairro": "Sullivan",
    "cidade": "Poiares",
    "telefone": "576 474 9268"
  },
  {
    "id": 49,
    "nome": "Burty Blant",
    "endereco": "8 Park Meadow Drive",
    "bairro": "Maple",
    "cidade": "Kalebun",
    "telefone": "427 273 6636"
  },
  {
    "id": 50,
    "nome": "Desdemona Sigge",
    "endereco": "30 Dorton Center",
    "bairro": "Rusk",
    "cidade": "Nurlat",
    "telefone": "673 888 1325"
  },
  {
    "id": 51,
    "nome": "Katrinka Greenhouse",
    "endereco": "3 Gulseth Pass",
    "bairro": "Buhler",
    "cidade": "Mananara",
    "telefone": "386 738 8045"
  },
  {
    "id": 52,
    "nome": "Derward Sulley",
    "endereco": "884 Larry Street",
    "bairro": "Cody",
    "cidade": "Sara Kunda",
    "telefone": "239 227 5077"
  },
  {
    "id": 53,
    "nome": "Eolande Dominey",
    "endereco": "8358 Union Street",
    "bairro": "Dennis",
    "cidade": "Matalam",
    "telefone": "989 314 3647"
  },
  {
    "id": 54,
    "nome": "Jacki Vile",
    "endereco": "1 Cody Street",
    "bairro": "Knutson",
    "cidade": "Bor",
    "telefone": "395 595 6108"
  },
  {
    "id": 55,
    "nome": "Elisabeth Snowling",
    "endereco": "065 Portage Court",
    "bairro": "Jenifer",
    "cidade": "Shilin",
    "telefone": "676 216 7733"
  },
  {
    "id": 56,
    "nome": "Ursula Gerge",
    "endereco": "9 Del Mar Plaza",
    "bairro": "Chive",
    "cidade": "Djibo",
    "telefone": "581 992 8107"
  },
  {
    "id": 57,
    "nome": "Shawnee Egglestone",
    "endereco": "39225 Harper Park",
    "bairro": "Rieder",
    "cidade": "Otra Banda",
    "telefone": "829 453 0746"
  },
  {
    "id": 58,
    "nome": "Massimo Gerdes",
    "endereco": "31928 Crescent Oaks Center",
    "bairro": "Packers",
    "cidade": "Canguçu",
    "telefone": "675 924 2292"
  },
  {
    "id": 59,
    "nome": "Sebastian Whales",
    "endereco": "71830 Rieder Plaza",
    "bairro": "Novick",
    "cidade": "Mempawah",
    "telefone": "270 851 3854"
  },
  {
    "id": 60,
    "nome": "Welby Daoust",
    "endereco": "3 Butterfield Hill",
    "bairro": "Mcguire",
    "cidade": "Trondheim",
    "telefone": "213 493 6582"
  },
  {
    "id": 61,
    "nome": "Camile Lilleycrop",
    "endereco": "8 Butterfield Pass",
    "bairro": "Alpine",
    "cidade": "Buan",
    "telefone": "699 468 8726"
  },
  {
    "id": 62,
    "nome": "Loni Patullo",
    "endereco": "1463 John Wall Way",
    "bairro": "Atwood",
    "cidade": "Karangpete",
    "telefone": "582 268 4655"
  },
  {
    "id": 63,
    "nome": "Alidia Egger",
    "endereco": "29427 Rieder Drive",
    "bairro": "Troy",
    "cidade": "Ti-n-Essako",
    "telefone": "426 960 1802"
  },
  {
    "id": 64,
    "nome": "Sergei Spira",
    "endereco": "4 Bellgrove Pass",
    "bairro": "Linden",
    "cidade": "Billings",
    "telefone": "406 788 0191"
  },
  {
    "id": 65,
    "nome": "Jordanna Martinello",
    "endereco": "069 North Parkway",
    "bairro": "Village",
    "cidade": "Ugljan",
    "telefone": "521 413 1807"
  },
  {
    "id": 66,
    "nome": "Dew Renowden",
    "endereco": "0034 Boyd Park",
    "bairro": "Jenna",
    "cidade": "Cinagrog Girang",
    "telefone": "478 374 0759"
  },
  {
    "id": 67,
    "nome": "Bonita Colegrove",
    "endereco": "72306 Crownhardt Parkway",
    "bairro": "Raven",
    "cidade": "Dayr Abū Ḑa‘īf",
    "telefone": "200 685 3197"
  },
  {
    "id": 68,
    "nome": "Alecia Metrick",
    "endereco": "98452 Marquette Avenue",
    "bairro": "Nancy",
    "cidade": "Xihe",
    "telefone": "392 101 0170"
  },
  {
    "id": 69,
    "nome": "Anderson Sneesby",
    "endereco": "19921 Utah Street",
    "bairro": "Northwestern",
    "cidade": "Banjar Ambengan",
    "telefone": "887 861 1548"
  },
  {
    "id": 70,
    "nome": "Tailor Asplin",
    "endereco": "519 Ridgeview Crossing",
    "bairro": "Porter",
    "cidade": "Łobżenica",
    "telefone": "929 514 0263"
  },
  {
    "id": 71,
    "nome": "Velvet Stanier",
    "endereco": "630 Farragut Avenue",
    "bairro": "Kennedy",
    "cidade": "Uścimów Stary",
    "telefone": "212 577 4476"
  },
  {
    "id": 72,
    "nome": "Ferguson Challicum",
    "endereco": "828 Jenna Alley",
    "bairro": "Algoma",
    "cidade": "Rixi",
    "telefone": "763 194 4643"
  },
  {
    "id": 73,
    "nome": "Barron Fechnie",
    "endereco": "1 Green Ridge Place",
    "bairro": "Warrior",
    "cidade": "General Conesa",
    "telefone": "189 276 2535"
  },
  {
    "id": 74,
    "nome": "Constantino Pasek",
    "endereco": "3804 Fordem Junction",
    "bairro": "Charing Cross",
    "cidade": "Chulakivka",
    "telefone": "776 674 5661"
  },
  {
    "id": 75,
    "nome": "Norrie Telezhkin",
    "endereco": "5 Green Ridge Parkway",
    "bairro": "Trailsway",
    "cidade": "Naples",
    "telefone": "239 183 0592"
  },
  {
    "id": 76,
    "nome": "Judie Wiz",
    "endereco": "308 Mifflin Pass",
    "bairro": "Village Green",
    "cidade": "Phoenix",
    "telefone": "602 320 9290"
  },
  {
    "id": 77,
    "nome": "Eve Gopsill",
    "endereco": "5017 Scoville Street",
    "bairro": "Debs",
    "cidade": "Kol’chugino",
    "telefone": "289 204 0598"
  },
  {
    "id": 78,
    "nome": "Bernita Colls",
    "endereco": "916 Evergreen Court",
    "bairro": "Londonderry",
    "cidade": "Novominskaya",
    "telefone": "112 344 5951"
  },
  {
    "id": 79,
    "nome": "Wendie Jerrams",
    "endereco": "62654 Mesta Parkway",
    "bairro": "Blue Bill Park",
    "cidade": "Dziadkowice",
    "telefone": "524 916 0076"
  },
  {
    "id": 80,
    "nome": "Giuseppe Wallas",
    "endereco": "867 Milwaukee Terrace",
    "bairro": "Autumn Leaf",
    "cidade": "Nong Ruea",
    "telefone": "926 711 6494"
  },
  {
    "id": 81,
    "nome": "Sanson MacTrustam",
    "endereco": "1343 Mosinee Street",
    "bairro": "Raven",
    "cidade": "Caucaguita",
    "telefone": "664 200 0260"
  },
  {
    "id": 82,
    "nome": "Eugen Hollyland",
    "endereco": "1266 Dunning Park",
    "bairro": "Onsgard",
    "cidade": "Danao",
    "telefone": "492 770 4634"
  },
  {
    "id": 83,
    "nome": "Randie Dootson",
    "endereco": "39383 Brown Drive",
    "bairro": "Fulton",
    "cidade": "San Rafael",
    "telefone": "313 238 5481"
  },
  {
    "id": 84,
    "nome": "Mallissa Osban",
    "endereco": "1 Westend Lane",
    "bairro": "Armistice",
    "cidade": "Palampal",
    "telefone": "898 600 2574"
  },
  {
    "id": 85,
    "nome": "Wilfred Haycraft",
    "endereco": "740 Clemons Lane",
    "bairro": "Summerview",
    "cidade": "Irirum",
    "telefone": "661 174 5429"
  },
  {
    "id": 86,
    "nome": "Kylynn Dowe",
    "endereco": "2 Welch Road",
    "bairro": "Golden Leaf",
    "cidade": "Kimch’aek-si",
    "telefone": "750 436 4189"
  },
  {
    "id": 87,
    "nome": "Aaron Alfonzo",
    "endereco": "11 Hauk Crossing",
    "bairro": "Eastlawn",
    "cidade": "Hanušovice",
    "telefone": "916 515 6142"
  },
  {
    "id": 88,
    "nome": "Maryjane Temby",
    "endereco": "9 Fisk Terrace",
    "bairro": "Hoard",
    "cidade": "Skidal’",
    "telefone": "388 990 7686"
  },
  {
    "id": 89,
    "nome": "Kimbell Hardage",
    "endereco": "4 Carpenter Park",
    "bairro": "Oriole",
    "cidade": "Nichinan",
    "telefone": "805 169 8783"
  },
  {
    "id": 90,
    "nome": "Jody Odda",
    "endereco": "86 Bobwhite Point",
    "bairro": "Barnett",
    "cidade": "Lepanto",
    "telefone": "858 148 5111"
  },
  {
    "id": 91,
    "nome": "Ennis Maddocks",
    "endereco": "12629 Brown Center",
    "bairro": "Brickson Park",
    "cidade": "Laszki",
    "telefone": "920 417 8715"
  },
  {
    "id": 92,
    "nome": "Bethena Tinklin",
    "endereco": "00163 Truax Parkway",
    "bairro": "Mallory",
    "cidade": "Rebe",
    "telefone": "244 993 8842"
  },
  {
    "id": 93,
    "nome": "Innis Targetter",
    "endereco": "33929 4th Pass",
    "bairro": "Rowland",
    "cidade": "Motrico",
    "telefone": "390 259 3180"
  },
  {
    "id": 94,
    "nome": "Roz Eaglesham",
    "endereco": "712 Jenifer Street",
    "bairro": "Southridge",
    "cidade": "Qiancheng",
    "telefone": "543 297 1317"
  },
  {
    "id": 95,
    "nome": "Torin Worviell",
    "endereco": "5 Green Ridge Avenue",
    "bairro": "Heffernan",
    "cidade": "Bulalacao",
    "telefone": "755 919 8563"
  },
  {
    "id": 96,
    "nome": "Mayne Demare",
    "endereco": "241 Buhler Pass",
    "bairro": "Sundown",
    "cidade": "Nidek",
    "telefone": "499 978 1341"
  },
  {
    "id": 97,
    "nome": "Marianna Purdom",
    "endereco": "5552 Drewry Court",
    "bairro": "Monument",
    "cidade": "Bastos",
    "telefone": "909 699 7212"
  },
  {
    "id": 98,
    "nome": "Lindsy Munnings",
    "endereco": "9 Melody Way",
    "bairro": "Swallow",
    "cidade": "Sohbatpur",
    "telefone": "149 452 4411"
  },
  {
    "id": 99,
    "nome": "Danella Queripel",
    "endereco": "08 Holy Cross Point",
    "bairro": "South",
    "cidade": "Mistřice",
    "telefone": "100 974 8221"
  },
  {
    "id": 100,
    "nome": "Kylynn McHardy",
    "endereco": "2 Ludington Center",
    "bairro": "Nobel",
    "cidade": "Lingkou",
    "telefone": "189 616 4829"
  },
  {
    "id": 101,
    "nome": "Renae Dinwoodie",
    "endereco": "90 Express Terrace",
    "bairro": "Independence",
    "cidade": "Aimadamodo",
    "telefone": "921 591 8421"
  },
  {
    "id": 102,
    "nome": "Ellynn Twydell",
    "endereco": "7 Autumn Leaf Crossing",
    "bairro": "Del Mar",
    "cidade": "San José de las Lajas",
    "telefone": "385 369 4669"
  },
  {
    "id": 103,
    "nome": "Jerome Flatt",
    "endereco": "76126 2nd Center",
    "bairro": "Bellgrove",
    "cidade": "Ituiutaba",
    "telefone": "364 554 5757"
  },
  {
    "id": 104,
    "nome": "Odetta MacGibbon",
    "endereco": "4 Riverside Junction",
    "bairro": "Ridgeview",
    "cidade": "Culubasa",
    "telefone": "793 258 4154"
  },
  {
    "id": 105,
    "nome": "Paige Kneeland",
    "endereco": "21 Ilene Avenue",
    "bairro": "Annamark",
    "cidade": "Zhangjiapan",
    "telefone": "436 425 6857"
  },
  {
    "id": 106,
    "nome": "Darrell Enrico",
    "endereco": "26 Brickson Park Avenue",
    "bairro": "Norway Maple",
    "cidade": "Kroya",
    "telefone": "148 422 2494"
  },
  {
    "id": 107,
    "nome": "Petrina Voak",
    "endereco": "83 Leroy Way",
    "bairro": "Mariners Cove",
    "cidade": "Tintafor",
    "telefone": "382 542 0764"
  },
  {
    "id": 108,
    "nome": "Hermione Dobrowolny",
    "endereco": "60 Fairview Circle",
    "bairro": "Arrowood",
    "cidade": "Ouranoupolis",
    "telefone": "711 127 0761"
  },
  {
    "id": 109,
    "nome": "Tracy Gaythorpe",
    "endereco": "99 Anzinger Junction",
    "bairro": "Linden",
    "cidade": "Rayside-Balfour",
    "telefone": "293 624 3206"
  },
  {
    "id": 110,
    "nome": "Myranda Rival",
    "endereco": "42141 Sommers Avenue",
    "bairro": "Graedel",
    "cidade": "Plyussa",
    "telefone": "859 531 2382"
  },
  {
    "id": 111,
    "nome": "Tracee Peagrim",
    "endereco": "80084 Weeping Birch Street",
    "bairro": "Maywood",
    "cidade": "Nelidovo",
    "telefone": "571 282 1765"
  },
  {
    "id": 112,
    "nome": "Moll Kirkland",
    "endereco": "4 Elgar Lane",
    "bairro": "Glacier Hill",
    "cidade": "Gavarr",
    "telefone": "336 226 0405"
  },
  {
    "id": 113,
    "nome": "Boris Valentinetti",
    "endereco": "946 Dwight Hill",
    "bairro": "Mallard",
    "cidade": "Yaviza",
    "telefone": "597 601 3423"
  },
  {
    "id": 114,
    "nome": "Dulcie Hellcat",
    "endereco": "72719 Sundown Road",
    "bairro": "Hooker",
    "cidade": "Danghara",
    "telefone": "680 728 7096"
  },
  {
    "id": 115,
    "nome": "Bernhard Normant",
    "endereco": "624 Sycamore Point",
    "bairro": "Prairie Rose",
    "cidade": "Puncaktugu",
    "telefone": "606 268 6805"
  },
  {
    "id": 116,
    "nome": "Christyna Trevna",
    "endereco": "396 Londonderry Way",
    "bairro": "Melby",
    "cidade": "Nangtang",
    "telefone": "950 574 8555"
  },
  {
    "id": 117,
    "nome": "Adriane Childrens",
    "endereco": "9 Chinook Pass",
    "bairro": "4th",
    "cidade": "Jājarm",
    "telefone": "240 367 5722"
  },
  {
    "id": 118,
    "nome": "Tallie Juara",
    "endereco": "23 New Castle Drive",
    "bairro": "Scofield",
    "cidade": "Bungo-Takada-shi",
    "telefone": "500 237 3476"
  },
  {
    "id": 119,
    "nome": "Ross Ayliffe",
    "endereco": "9369 Mesta Terrace",
    "bairro": "Messerschmidt",
    "cidade": "Kurashiki",
    "telefone": "558 858 0575"
  },
  {
    "id": 120,
    "nome": "Fredia Ellinor",
    "endereco": "318 Lakeland Way",
    "bairro": "Doe Crossing",
    "cidade": "Washington",
    "telefone": "202 826 5724"
  },
  {
    "id": 121,
    "nome": "Evvie Betke",
    "endereco": "69 Clove Drive",
    "bairro": "Fair Oaks",
    "cidade": "Fontenay-sous-Bois",
    "telefone": "260 755 5821"
  },
  {
    "id": 122,
    "nome": "Malia Guerola",
    "endereco": "018 Hallows Road",
    "bairro": "Arapahoe",
    "cidade": "Houilles",
    "telefone": "525 533 8644"
  },
  {
    "id": 123,
    "nome": "Marijn Ricciardo",
    "endereco": "98 Oneill Terrace",
    "bairro": "Delaware",
    "cidade": "Ágios Týchon",
    "telefone": "583 865 5980"
  },
  {
    "id": 124,
    "nome": "Garner Lucken",
    "endereco": "30 6th Street",
    "bairro": "Vahlen",
    "cidade": "Nerchinsk",
    "telefone": "267 258 4908"
  },
  {
    "id": 125,
    "nome": "Aggie Drewe",
    "endereco": "89636 Kings Pass",
    "bairro": "Main",
    "cidade": "Fort-de-France",
    "telefone": "430 395 7041"
  },
  {
    "id": 126,
    "nome": "Piggy Tolson",
    "endereco": "97819 Prentice Way",
    "bairro": "Surrey",
    "cidade": "Santo Domingo Oeste",
    "telefone": "904 555 9362"
  },
  {
    "id": 127,
    "nome": "Cliff Birney",
    "endereco": "311 Macpherson Circle",
    "bairro": "Caliangt",
    "cidade": "Årsta",
    "telefone": "213 643 7873"
  },
  {
    "id": 128,
    "nome": "Beret Geyton",
    "endereco": "6622 Moland Crossing",
    "bairro": "Dexter",
    "cidade": "Sandaowan",
    "telefone": "429 805 9222"
  },
  {
    "id": 129,
    "nome": "Ber Lauderdale",
    "endereco": "4282 Swallow Circle",
    "bairro": "Gina",
    "cidade": "Kéfalos",
    "telefone": "630 494 1416"
  },
  {
    "id": 130,
    "nome": "Padget Doerling",
    "endereco": "3127 Lindbergh Alley",
    "bairro": "Kinsman",
    "cidade": "Krajan",
    "telefone": "207 232 1230"
  },
  {
    "id": 131,
    "nome": "Packston Carayol",
    "endereco": "603 Paget Court",
    "bairro": "Randy",
    "cidade": "Armação de Búzios",
    "telefone": "247 629 3746"
  },
  {
    "id": 132,
    "nome": "Sybille McLarty",
    "endereco": "6 Coleman Street",
    "bairro": "Lerdahl",
    "cidade": "Fastiv",
    "telefone": "113 909 5648"
  },
  {
    "id": 133,
    "nome": "Ginnie Dutnall",
    "endereco": "7764 Arrowood Junction",
    "bairro": "Westend",
    "cidade": "Imsil",
    "telefone": "428 867 0230"
  },
  {
    "id": 134,
    "nome": "Willi Sparway",
    "endereco": "41207 Maywood Place",
    "bairro": "Oriole",
    "cidade": "Delod Pangkung",
    "telefone": "305 965 6340"
  },
  {
    "id": 135,
    "nome": "Katha Readshaw",
    "endereco": "11 Vernon Park",
    "bairro": "Cambridge",
    "cidade": "Sablé-sur-Sarthe",
    "telefone": "468 824 2222"
  },
  {
    "id": 136,
    "nome": "Zaccaria Matts",
    "endereco": "13 Ruskin Avenue",
    "bairro": "Doe Crossing",
    "cidade": "Hechun",
    "telefone": "410 842 9929"
  },
  {
    "id": 137,
    "nome": "Silvio Antuk",
    "endereco": "08572 Ridgeway Trail",
    "bairro": "East",
    "cidade": "Onitsha",
    "telefone": "229 867 2122"
  },
  {
    "id": 138,
    "nome": "Daven De Filippis",
    "endereco": "381 Northwestern Alley",
    "bairro": "Commercial",
    "cidade": "Neringa",
    "telefone": "743 142 8506"
  },
  {
    "id": 139,
    "nome": "Jimmy Chaperlin",
    "endereco": "70266 Fieldstone Alley",
    "bairro": "Reindahl",
    "cidade": "Yaruchel",
    "telefone": "695 955 0506"
  },
  {
    "id": 140,
    "nome": "Florida Vasnev",
    "endereco": "95 Sherman Way",
    "bairro": "Sage",
    "cidade": "Baranów",
    "telefone": "601 764 9117"
  },
  {
    "id": 141,
    "nome": "Catharine Greyes",
    "endereco": "94205 Fordem Street",
    "bairro": "Porter",
    "cidade": "Bahía Blanca",
    "telefone": "474 872 3243"
  },
  {
    "id": 142,
    "nome": "Gill Jirieck",
    "endereco": "10 Gulseth Way",
    "bairro": "Lawn",
    "cidade": "Kahrīz",
    "telefone": "531 912 7179"
  },
  {
    "id": 143,
    "nome": "Ursula Hazeltine",
    "endereco": "8672 Ruskin Place",
    "bairro": "Knutson",
    "cidade": "Armenta",
    "telefone": "284 146 1772"
  },
  {
    "id": 144,
    "nome": "Elvina Naerup",
    "endereco": "7180 Valley Edge Street",
    "bairro": "Mesta",
    "cidade": "Ô Môn",
    "telefone": "640 903 7522"
  },
  {
    "id": 145,
    "nome": "Galina Syratt",
    "endereco": "1 Hoard Road",
    "bairro": "Spohn",
    "cidade": "Guangning",
    "telefone": "615 857 1970"
  },
  {
    "id": 146,
    "nome": "Lay Geraudy",
    "endereco": "397 Lindbergh Crossing",
    "bairro": "Bultman",
    "cidade": "Yinjiacheng",
    "telefone": "907 664 8157"
  },
  {
    "id": 147,
    "nome": "Serene Conry",
    "endereco": "18274 Pine View Terrace",
    "bairro": "Barby",
    "cidade": "Sangojar",
    "telefone": "965 492 2085"
  },
  {
    "id": 148,
    "nome": "Rebeka Littlechild",
    "endereco": "174 Mcbride Point",
    "bairro": "Steensland",
    "cidade": "Chahannao",
    "telefone": "346 277 7766"
  },
  {
    "id": 149,
    "nome": "Chaddie Goding",
    "endereco": "5080 Schurz Plaza",
    "bairro": "Porter",
    "cidade": "Xindong",
    "telefone": "628 294 3642"
  },
  {
    "id": 150,
    "nome": "Port Succamore",
    "endereco": "6449 Riverside Avenue",
    "bairro": "Merry",
    "cidade": "Bauta",
    "telefone": "601 593 7902"
  },
  {
    "id": 151,
    "nome": "Annissa Habben",
    "endereco": "1145 Brown Parkway",
    "bairro": "Waubesa",
    "cidade": "Žabljak",
    "telefone": "362 603 1317"
  },
  {
    "id": 152,
    "nome": "Ax Greep",
    "endereco": "54 Spaight Center",
    "bairro": "8th",
    "cidade": "Wright",
    "telefone": "439 399 5144"
  },
  {
    "id": 153,
    "nome": "Tome Bonsale",
    "endereco": "15559 Gina Alley",
    "bairro": "Buena Vista",
    "cidade": "Kotikawatta",
    "telefone": "954 641 1486"
  },
  {
    "id": 154,
    "nome": "Joy Capp",
    "endereco": "93 Cambridge Avenue",
    "bairro": "Crowley",
    "cidade": "Mengla",
    "telefone": "362 605 7759"
  },
  {
    "id": 155,
    "nome": "Karel Meneyer",
    "endereco": "50 Prairieview Road",
    "bairro": "Burrows",
    "cidade": "Stetseva",
    "telefone": "625 292 1940"
  },
  {
    "id": 156,
    "nome": "Berri Szimoni",
    "endereco": "639 Vidon Street",
    "bairro": "Grim",
    "cidade": "Chunshui",
    "telefone": "296 445 8087"
  },
  {
    "id": 157,
    "nome": "Laurene Crack",
    "endereco": "732 Merchant Place",
    "bairro": "Havey",
    "cidade": "Baiyang",
    "telefone": "458 441 7580"
  },
  {
    "id": 158,
    "nome": "Forrester Mursell",
    "endereco": "2 Troy Center",
    "bairro": "Mandrake",
    "cidade": "Chiang Rai",
    "telefone": "989 746 2107"
  },
  {
    "id": 159,
    "nome": "Akim Loughan",
    "endereco": "45160 Nobel Street",
    "bairro": "Waywood",
    "cidade": "Changqi",
    "telefone": "373 278 5785"
  },
  {
    "id": 160,
    "nome": "Leora Glazzard",
    "endereco": "6134 Lake View Parkway",
    "bairro": "Carpenter",
    "cidade": "Dobra",
    "telefone": "607 689 5334"
  },
  {
    "id": 161,
    "nome": "Rhodie Fransewich",
    "endereco": "439 Colorado Place",
    "bairro": "Harper",
    "cidade": "Calinaoan Malasin",
    "telefone": "670 681 0140"
  },
  {
    "id": 162,
    "nome": "Vince Sutch",
    "endereco": "70265 Arapahoe Court",
    "bairro": "Longview",
    "cidade": "Bardīyah",
    "telefone": "836 329 7155"
  },
  {
    "id": 163,
    "nome": "Colby Tieraney",
    "endereco": "66456 Cascade Point",
    "bairro": "Buell",
    "cidade": "Rio Largo",
    "telefone": "933 675 8669"
  },
  {
    "id": 164,
    "nome": "Ulla Chettle",
    "endereco": "661 Kim Hill",
    "bairro": "Cottonwood",
    "cidade": "Bima",
    "telefone": "603 513 6071"
  },
  {
    "id": 165,
    "nome": "Dasha Heed",
    "endereco": "9360 Prairie Rose Crossing",
    "bairro": "Lunder",
    "cidade": "Zharkovskiy",
    "telefone": "555 180 3390"
  },
  {
    "id": 166,
    "nome": "Olivette D'orsay",
    "endereco": "835 Hovde Alley",
    "bairro": "Dwight",
    "cidade": "Paris 09",
    "telefone": "646 734 1507"
  },
  {
    "id": 167,
    "nome": "Corny Petrina",
    "endereco": "52 Lillian Point",
    "bairro": "Cardinal",
    "cidade": "København",
    "telefone": "513 841 3173"
  },
  {
    "id": 168,
    "nome": "Kelcy Barkworth",
    "endereco": "050 Mcguire Drive",
    "bairro": "Ramsey",
    "cidade": "Chengtian",
    "telefone": "967 846 7183"
  },
  {
    "id": 169,
    "nome": "Layton Tureville",
    "endereco": "02437 Scofield Street",
    "bairro": "Oakridge",
    "cidade": "Karviná",
    "telefone": "723 731 7406"
  },
  {
    "id": 170,
    "nome": "Bendix Gymlett",
    "endereco": "3952 Vermont Pass",
    "bairro": "Forest Run",
    "cidade": "Xinxiang",
    "telefone": "386 262 3864"
  },
  {
    "id": 171,
    "nome": "Christye Stairs",
    "endereco": "865 Florence Hill",
    "bairro": "Everett",
    "cidade": "Kobeřice",
    "telefone": "380 249 2024"
  },
  {
    "id": 172,
    "nome": "Terri Carnie",
    "endereco": "4053 Columbus Plaza",
    "bairro": "Graceland",
    "cidade": "Bitobe",
    "telefone": "628 481 6167"
  },
  {
    "id": 173,
    "nome": "Care Massey",
    "endereco": "45213 Lillian Pass",
    "bairro": "Dunning",
    "cidade": "Jiefu",
    "telefone": "990 105 2499"
  },
  {
    "id": 174,
    "nome": "Annie Minero",
    "endereco": "7 Arrowood Alley",
    "bairro": "Pleasure",
    "cidade": "Manggissari",
    "telefone": "748 558 2017"
  },
  {
    "id": 175,
    "nome": "Norrie Pillans",
    "endereco": "5555 Kings Terrace",
    "bairro": "Westerfield",
    "cidade": "Kota Kinabalu",
    "telefone": "429 977 3289"
  },
  {
    "id": 176,
    "nome": "Harmony Hugle",
    "endereco": "1902 Judy Way",
    "bairro": "Crest Line",
    "cidade": "Aquidauana",
    "telefone": "927 126 3264"
  },
  {
    "id": 177,
    "nome": "Fanchon Chaundy",
    "endereco": "1 Colorado Center",
    "bairro": "Anderson",
    "cidade": "Massy",
    "telefone": "793 827 2759"
  },
  {
    "id": 178,
    "nome": "Ruby Enstone",
    "endereco": "25065 Melrose Hill",
    "bairro": "Old Gate",
    "cidade": "Baixi",
    "telefone": "128 199 6505"
  },
  {
    "id": 179,
    "nome": "Olin Iacapucci",
    "endereco": "70 Moose Pass",
    "bairro": "Hovde",
    "cidade": "Eiguliai",
    "telefone": "318 937 8331"
  },
  {
    "id": 180,
    "nome": "Kelci Swann",
    "endereco": "0192 Havey Park",
    "bairro": "Lighthouse Bay",
    "cidade": "Qiucun",
    "telefone": "801 128 6535"
  },
  {
    "id": 181,
    "nome": "Almira Belford",
    "endereco": "77 Anzinger Place",
    "bairro": "Sheridan",
    "cidade": "Petoa",
    "telefone": "193 809 4144"
  },
  {
    "id": 182,
    "nome": "Ellen Dolan",
    "endereco": "999 Northwestern Street",
    "bairro": "Hayes",
    "cidade": "Xiangshui",
    "telefone": "977 931 1563"
  },
  {
    "id": 183,
    "nome": "Brittni Hambidge",
    "endereco": "71 Meadow Vale Park",
    "bairro": "Granby",
    "cidade": "Santa Cruz del Norte",
    "telefone": "549 529 4260"
  },
  {
    "id": 184,
    "nome": "Lanni Gowan",
    "endereco": "58 Eliot Hill",
    "bairro": "Mockingbird",
    "cidade": "Fūman",
    "telefone": "675 206 7012"
  },
  {
    "id": 185,
    "nome": "Rivalee Kob",
    "endereco": "9755 Trailsway Avenue",
    "bairro": "Village",
    "cidade": "Jiangfeng",
    "telefone": "542 588 7979"
  },
  {
    "id": 186,
    "nome": "Davy Bottjer",
    "endereco": "2 Menomonie Way",
    "bairro": "Jay",
    "cidade": "Tanagara",
    "telefone": "447 667 7726"
  },
  {
    "id": 187,
    "nome": "Shanie Ledbetter",
    "endereco": "857 Holy Cross Court",
    "bairro": "Trailsway",
    "cidade": "Sam Phran",
    "telefone": "630 258 0334"
  },
  {
    "id": 188,
    "nome": "Ethel Genthner",
    "endereco": "78084 Sunfield Parkway",
    "bairro": "South",
    "cidade": "Plyeshchanitsy",
    "telefone": "642 872 4820"
  },
  {
    "id": 189,
    "nome": "Giorgi Hulke",
    "endereco": "03842 Talmadge Circle",
    "bairro": "Summer Ridge",
    "cidade": "Grand Rapids",
    "telefone": "616 416 9627"
  },
  {
    "id": 190,
    "nome": "Chloette Flatt",
    "endereco": "6133 Moose Street",
    "bairro": "Eagle Crest",
    "cidade": "Manay",
    "telefone": "410 299 8328"
  },
  {
    "id": 191,
    "nome": "Matilda Wloch",
    "endereco": "9932 Hanson Place",
    "bairro": "Northridge",
    "cidade": "Jose Maria Morelos",
    "telefone": "930 678 1307"
  },
  {
    "id": 192,
    "nome": "Wileen Vlahos",
    "endereco": "51739 Lake View Lane",
    "bairro": "Karstens",
    "cidade": "La Libertad",
    "telefone": "736 356 4859"
  },
  {
    "id": 193,
    "nome": "Jarad Stag",
    "endereco": "99 Elka Parkway",
    "bairro": "Buell",
    "cidade": "Vaudreuil-Dorion",
    "telefone": "514 206 0318"
  },
  {
    "id": 194,
    "nome": "Malia Moohan",
    "endereco": "84 Bunker Hill Terrace",
    "bairro": "Jackson",
    "cidade": "Bhātpāra Abhaynagar",
    "telefone": "163 821 7200"
  },
  {
    "id": 195,
    "nome": "Candide Borleace",
    "endereco": "56 Sloan Way",
    "bairro": "Farmco",
    "cidade": "Wudangshan",
    "telefone": "977 811 8207"
  },
  {
    "id": 196,
    "nome": "Edlin Bullock",
    "endereco": "18603 Main Court",
    "bairro": "Bartillon",
    "cidade": "Huyunxiang",
    "telefone": "427 651 1315"
  },
  {
    "id": 197,
    "nome": "Danni Godain",
    "endereco": "09300 Express Center",
    "bairro": "Oriole",
    "cidade": "Selínia",
    "telefone": "732 462 4264"
  },
  {
    "id": 198,
    "nome": "Klarika Castagna",
    "endereco": "12 Algoma Crossing",
    "bairro": "Mallard",
    "cidade": "Zhongpai",
    "telefone": "688 968 6067"
  },
  {
    "id": 199,
    "nome": "Gabbie Phillipp",
    "endereco": "81 Farragut Way",
    "bairro": "Northfield",
    "cidade": "Wurigelebur",
    "telefone": "646 490 6351"
  },
  {
    "id": 200,
    "nome": "Ofelia Avarne",
    "endereco": "5 Almo Hill",
    "bairro": "Lawn",
    "cidade": "Krasnaya Polyana",
    "telefone": "247 478 8694"
  }
]